PROVINCIA,CANTON,PARROQUIA,NOMBRE,GÉNERO
AZUAY,CUENCA,BAÑOS,WILSON JACOME,HOMBRE
AZUAY,CUENCA,CUMBE,LUIS CHUQUIMARCA GARCIA,HOMBRE
AZUAY,CUENCA,CHAUCHA,RODRIGO CORTEZ,HOMBRE
AZUAY,CUENCA,CHECA,BOLIVAR ROBLES,HOMBRE
AZUAY,CUENCA,CHIQUINTAD,WILLAN YUQUILIMA NAULA,HOMBRE
AZUAY,CUENCA,EL VALLE,MABIAN CARRION,HOMBRE
AZUAY,CUENCA,LLACAO,Arq. WALTER QUITO,HOMBRE
AZUAY,CUENCA,MOLLETURO,JONNATHAN GUTAMA,HOMBRE
AZUAY,CUENCA,NULTI,SEBASTIAN AUQUILLA,HOMBRE
AZUAY,CUENCA,OCTAVIO CORDERO PALACIOS,EDGAR PINEDA SINCHI,HOMBRE
AZUAY,CUENCA,PACCHA,ANA PEÑA LAZO,MUJER
AZUAY,CUENCA,QUINGEO,DARWIN CHILLOGALLI VALLADARES,HOMBRE
AZUAY,CUENCA,RICAURTE,JOSUE DAVID BRAVO BRAVO,HOMBRE
AZUAY,CUENCA,SAN JOAQUÍN,PEDRO PADILLA,HOMBRE
AZUAY,CUENCA,SANTA ANA,MIXSON LAURELINO PELAEZ,HOMBRE
AZUAY,CUENCA,SAYAUSI,CARLOS DANIEL LAZO ROCANO,HOMBRE
AZUAY,CUENCA,SIDCAY,MLAVIO LONDA,HOMBRE
AZUAY,CUENCA,SININCAY,CATALINA VASQUEZ ALBARRACIN,MUJER
AZUAY,CUENCA,TARQUI,GALO PATRICIO ZHAGUI,HOMBRE
AZUAY,CUENCA,TURI,MILTON JARAMA,HOMBRE
AZUAY,CUENCA,VICTORIA DEL PORTETE,ROMULO GUZMAN,HOMBRE
AZUAY,GUALACEO,SAN JUAN,JONNATHAN QUIÑONEZ,HOMBRE
AZUAY,GUALACEO,DANIEL CORDOVA,WILMER CUJI,HOMBRE
AZUAY,GUALACEO,JADAN,JORGE TIGRE,HOMBRE
AZUAY,GUALACEO,LUIS CORDERO VEGA,JUAN PABLO ULLOA,HOMBRE
AZUAY,GUALACEO,MARIANO MORENO,LUIS BORJA PEREZ,HOMBRE
AZUAY,GUALACEO,REMIGIO CRESPO TORAL,OSWALDO MERNANDEZ,HOMBRE
AZUAY,GUALACEO,SIMON BOLIVAR,JUAN RODAS,HOMBRE
AZUAY,GUALACEO,ZHIDMAD,MARCOS PAÑI,HOMBRE
AZUAY,PAUTE,BULÁN,JHONY ORELLANA,HOMBRE
AZUAY,PAUTE,CHICÁN,DANY TAPIA,HOMBRE
AZUAY,PAUTE,DUG-DUG,GERMAN AVILA,HOMBRE
AZUAY,PAUTE,GUARAINAG,RONALD COYAGO,HOMBRE
AZUAY,PAUTE,SAN CRISTOBAL,MAURICIO ORELLANA,HOMBRE
AZUAY,PAUTE,EL CABO,JOSE ROCANO,HOMBRE
AZUAY,PAUTE,TOMEBAMBA,ROMULO LEANDRO JARRIN,HOMBRE
AZUAY,SIGSIG,CUCHIL,SEBASTIAN JIMENEZ,HOMBRE
AZUAY,SIGSIG,JIMA,VICTOR ALBERTO MARIN,HOMBRE
AZUAY,SIGSIG,GUEL,ESTEMANIA PAOLA ORDOÑEZ,MUJER
AZUAY,SIGSIG,LUDO,RENE PESANTEZ,HOMBRE
AZUAY,SIGSIG,SAN BARTOLOMÉ,CATALINA GUARTATANGA,MUJER
AZUAY,SIGSIG,SAN JOSÉ DE RARANGA,GALO CALLE,HOMBRE
AZUAY,SANTA ISABEL,ABDÓN CALDERÓN,GENDRY RIVERA,HOMBRE
AZUAY,SANTA ISABEL,SHAGLLI,ARMANDO RODRIGUEZ,HOMBRE
AZUAY,SANTA ISABEL,SAN SALVADOR DE CAÑARIBAMBA,ANGEL MALLA,HOMBRE
AZUAY,PUCARA,SAN RAFAEL DE ZHARUG,KEVIN MENDIETA,HOMBRE
AZUAY,CHORDELEG,LA UNION,RAUL DAVID HERRERA,HOMBRE
AZUAY,CHORDELEG,SAN MARTIN DE PUZHIO,SEGUNDO CASTRO,HOMBRE
AZUAY,CHORDELEG,LUIS GALARZA DELEGSOL,OLIVIA ESTHELA JARA,MUJER
AZUAY,CHORDELEG,PRINCIPAL,XIMENA CASTRO OTAVALO,MUJER
AZUAY,NABON,COCHAPATA,NELLY PATIÑO,MUJER
AZUAY,NABON,EL PROGRESO,EUGENIO QUIZHPI,HOMBRE
AZUAY,NABON,LAS NIEVES,ISMAEL RAMON,HOMBRE
AZUAY,SAN FERNANDO,CHUMBLIN,BENITO PACCHA,HOMBRE
AZUAY,SEVILLA DE ORO,AMALUZA,JOSE PONCE,HOMBRE
AZUAY,SEVILLA DE ORO,PALMAS,JAIRO MATUTE,HOMBRE
AZUAY,EL PAN,SAN VICENTE,JORGE MOLLETURO CALDERON,HOMBRE
AZUAY,GIRON,LA ASUNCIÓN,JOHN ESPINOZA,HOMBRE
AZUAY,GIRON,SAN GERARDO,HENRY ORDOÑEZ NAULAGUARI,HOMBRE
AZUAY,OÑA,SUSUDEL,BERNARDO DELEG,HOMBRE
AZUAY,CAMILO PONCE ENRIQUEZ,CARMEN DE PIJILI,BRAULIO PESANTEZ,HOMBRE
BOLIVAR,GUARANDA,SAN LORENZO,EDIN GONZALO CHILUIZA HERRERA,HOMBRE
BOLIVAR,GUARANDA,SANTA FÉ,ALEX XAVIER ROCERO CAMACHO,HOMBRE
BOLIVAR,GUARANDA,JULIO E MORENO,FREDDY PAUL CAMBO SISA,HOMBRE
BOLIVAR,GUARANDA,SAN SIMÓN,NELSON RUMIÑAHUI CHELA NINABANDA,HOMBRE
BOLIVAR,GUARANDA,SAN LUIS DE PAMBIL,ROBINSON ORLANDO GARCIA ALARCON,HOMBRE
BOLIVAR,GUARANDA,FACUNDO VELA,LUIS ERNESTO AZAS AZOGUEZ,HOMBRE
BOLIVAR,GUARANDA,SIMIATUG,JOSE PAULINO YANCHALIQUIN,HOMBRE
BOLIVAR,GUARANDA,SALINAS,DANIEL POAQUIZA JAYA,HOMBRE
BOLIVAR,CHIMBO,ASUNCIÓN,FREDDY ROLANDO GAGLAY MEZA,HOMBRE
BOLIVAR,CHIMBO,TELIMBELA,SERGIO NEPTALI QUIJANO VERDEZOTO,HOMBRE
BOLIVAR,CHIMBO,MAGDALENA,EDGAR GONZALO CARRERA CAMACHO,HOMBRE
BOLIVAR,CHIMBO,SAN SEBASTIAN,DARWIN PATRICIO LEON MOREJON,HOMBRE
BOLIVAR,SAN MIGUEL,SAN VICENTE,EDWIN VINICIO VERDEZOTO TORRES,HOMBRE
BOLIVAR,SAN MIGUEL,BALZAPAMBA,JOSE ALONSO BOSQUEZ BOSQUEZ,HOMBRE
BOLIVAR,SAN MIGUEL,BILOVAN,MILTON GONZALO SANCHEZ VASQUEZ,HOMBRE
BOLIVAR,SAN MIGUEL,REGULO DE MORA,TIRZO ELIAS IBARRA ARIAS,HOMBRE
BOLIVAR,SAN MIGUEL,SAN PABLO DE ATENAS,LOGAN ORLANDO CHILUIZA PABON,HOMBRE
BOLIVAR,SAN MIGUEL,SANTIAGO,JOSELITO GABRIEL BAÑO VERDEZOTO,HOMBRE
BOLIVAR,CHILLANES,SAN JOSE DEL TAMBO,WILSON ALCIDES SALAZAR ORDOÑEZ,HOMBRE
CAÑAR,AZGOUES,COJITAMBO,Adriana Maricela Bravo Peralta,MUJER
CAÑAR,AZGOUES,GUAPAN,Abg. Andres Agustin Gonzalez Gonzalez,HOMBRE
CAÑAR,AZGOUES,JAVIER LOYOLA,Jose Enrique Bravo Campoverde,HOMBRE
CAÑAR,AZGOUES,LUIS CORDERO,Luis Melipe Tenezaca Lema,HOMBRE
CAÑAR,AZGOUES,PINDILIG,Miryan Patricia Guarquila ZHagñay,MUJER
CAÑAR,AZGOUES,RIVERA,Jose Octavio Romero Camas,HOMBRE
CAÑAR,AZGOUES,SAN MIGUEL,Juan Bautista Sumba Quintuña,HOMBRE
CAÑAR,AZGOUES,TADAY,Luis AlMonso Naula Verdugo,HOMBRE
CAÑAR,BIBLIAN,JERUSALEN,Ing. Milton Murudumbay,HOMBRE
CAÑAR,BIBLIAN,TURUPAMBA,Lcdo. Segundo EMrain QuizHpi LliguicHuzca,HOMBRE
CAÑAR,BIBLIAN,NAZÓN,Dra. Maritza Alexandra Calle Calle,MUJER
CAÑAR,BIBLIAN,SAGEO,Mreddy Marcelo Lema Lema,HOMBRE
CAÑAR,CAÑAR,CHONTAMARCA,SR. Manuel Maria Lema Castro,HOMBRE
CAÑAR,CAÑAR,VENTURA,Leopoldo Castillo Verduga,HOMBRE
CAÑAR,CAÑAR,SAN ANTONIO,Humberto RaMael Robles Almeida,HOMBRE
CAÑAR,CAÑAR,GUALLETURO,Leidy Margarita Sarmiento Ortiz,MUJER
CAÑAR,CAÑAR,JUNCAL,Norma Andrea Guasco MizHirumbay,MUJER
CAÑAR,CAÑAR,ZHUD,Manuel Mesias Mayancela CazHo,HOMBRE
CAÑAR,CAÑAR,GENERAL MORELES,Maria Magdalena Guaman Caguana,MUJER
CAÑAR,CAÑAR,CHOROCOPTE,Ing. Jose Arcesio Andrade Padilla,HOMBRE
CAÑAR,CAÑAR,DUCUR,Lauro Rene Vicuña SancHez,HOMBRE
CAÑAR,CAÑAR,INGAPIRCA,Marco Antonio Cantos Naranjo,HOMBRE
CAÑAR,CAÑAR,HONORATO VAZQUEZ,Dr. David Romero Valdez,HOMBRE
CAÑAR,DELEG,SOLANO,Mabian Omar Mlores Quito,HOMBRE
CAÑAR,LA TRONCAL,MANUEL J CALLE,Melipe Homar Cabanilla Moreira,HOMBRE
CAÑAR,LA TRONCAL,PANCHO NEGRO,Veronica Guadalupe Pincay Andrade,MUJER
CARCHI,TULCÁN,PIOTER,CRISTIAN NORMAN VIZCAINO ESCOBAR,HOMBRE
CARCHI,TULCÁN,TUFIÑO,EDISON JAVIER MUÑOZ RUANO,HOMBRE
CARCHI,TULCÁN,SANTA MARTHA DE CUBA,NELSON EDUARDO VIZCAINO ESCOBAR,HOMBRE
CARCHI,TULCÁN,EL CARMELO,VERONICA ANDREA ORTEGA BELALCAZAR,MUJER
CARCHI,TULCÁN,JULIO ANDRADE,GIOVANNY FRANCISCO SARMIENTO BECERRA,HOMBRE
CARCHI,TULCÁN,CHICAL,CARMITA CAROLINA MALTE BENAVIDES,MUJER
CARCHI,TULCÁN,MALDONADO,RICARDO MARCELO GARCÍA VALENZUELA,HOMBRE
CARCHI,TULCÁN,URBINA,JHONATAN ALVEIRO ROMERO PORTILLA,HOMBRE
CARCHI,TULCÁN,TOBAR DONOSO,HUMBERTO CARLOS PAI RODRIGUEZ,HOMBRE
CARCHI,HUACA,MARISCAL SUCRE,BENJAMIN AUDELO LUCERO CUASAPAZ,HOMBRE
CARCHI,MONTUFAR,LA PAZ,DARWIN FERNANDO DIAZ GALINDO,HOMBRE
CARCHI,MONTUFAR,CRISTOBAL COLON,ELIBETH ARACELLY CUASAPAZ TIRIRA,MUJER
CARCHI,MONTUFAR,FERNANDEZ SALVADOR,ANDREA FERNANDA CERON CHAMORRO,MUJER
CARCHI,MONTUFAR,PIARTAL,EDWIN RENAN CERON QUESPAZ,HOMBRE
CARCHI,MONTUFAR,CHITAN DE NAVARRETES,EDUARDO VLADIMIR CUASAPAZ CELIN,HOMBRE
CARCHI,BOLIVAR,LOS ANDES,PACO NILO MALDONADO DE LA CRUZ,HOMBRE
CARCHI,BOLIVAR,GARCIA MORENO,SEGUNDO BLADIMIR CUASAPUD BENAVIDES,HOMBRE
CARCHI,BOLIVAR,SAN RAFAEL,SR. CRISTIAN STALIN DELGADO ROJAS,HOMBRE
CARCHI,BOLIVAR,MONTE OLIVO,SAUL DARIO PABON AREVALO,HOMBRE
CARCHI,BOLIVAR,SAN VICENTE DE PUSIR,SAMANDA ANDREA CONGO NARVAEZ,MUJER
CARCHI,ESPEJO,EL GOALTAL,JUAN CARLOS QUIROZ RUEDA,HOMBRE
CARCHI,ESPEJO,LIBERTAD,SEGUNDO LUCIANO TORRES TORRES,HOMBRE
CARCHI,ESPEJO,SAN ISIDRO,LUIS ARTURO PONCE VACA,HOMBRE
CARCHI,MIRA,LA CONCEPCIÓN,DANNY ALFREDO VALDIVIESO BORJA,HOMBRE
CARCHI,MIRA,JACINTO JIJON Y CAAMAÑO,ANDERSON JAVIER SEVILLA CALDERON,HOMBRE
CARCHI,MIRA,JUAN MONTALVO,EDWIN ROLANDO BORJA LOPEZ,HOMBRE
COTOPAXI,LATACUNGA,ALAQUEZ,Sr. Clelio Benjamin Pucuji Toaquiza,HOMBRE
COTOPAXI,LATACUNGA,BELISARIO QUEVEDO,Ing. Luis Ernesto Taipe Condorcano,HOMBRE
COTOPAXI,LATACUNGA,GUAYTACAMA,Abg. Faustino Trávez Vargas,HOMBRE
COTOPAXI,LATACUNGA,JOSEGUANGO BAJO,Sra. Rosa Elvira Maldonado,MUJER
COTOPAXI,LATACUNGA,MULALÓ,Sr. Nelson Gustavo Ávila Santafé,HOMBRE
COTOPAXI,LATACUNGA,POALÓ,Lcdo. José Rafael Unaucho Choloquinga,HOMBRE
COTOPAXI,LATACUNGA,11 DE NOVIEMBRE,Ing. Bella Lissette Mena Mena,MUJER
COTOPAXI,LATACUNGA,SAN JUAN DE PASTOCALLE,Lcdo. Luis Javier Aliaga Ainuca,HOMBRE
COTOPAXI,LATACUNGA,TANICUCHÍ,Ing. Jessica Elizabeth Toactaguano Toapanta,MUJER
COTOPAXI,LATACUNGA,TOACASO,Sr. José Reinaldo Vaca Guangaje,HOMBRE
COTOPAXI,SAQUISILI,CANCHAGUA,Sr. Gerardo Negrete Tocate,HOMBRE
COTOPAXI,SAQUISILI,CHANTILÍN,Sr. José Andrés Chicaiza Barragán,HOMBRE
COTOPAXI,SAQUISILI,COCHAPAMBA,Sr. Luis Enrique Cofre Totasig,HOMBRE
COTOPAXI,PUJILI,ANGAMARCA,Ing. Edwin Romeo Vichicela Ushcu,HOMBRE
COTOPAXI,PUJILI,GUANGAJE,Sr. José Gabriel Otto Manzano,HOMBRE
COTOPAXI,PUJILI,LA VICTORIA,Sr. Alcivar Tarquino Chicaiza Carvajal,HOMBRE
COTOPAXI,PUJILI,PÍLALO,Srta. Johana Maribel Guaranda Ante,MUJER
COTOPAXI,PUJILI,EL TINGO,Ing. Arelis Villacis Tovar,MUJER
COTOPAXI,PUJILI,ZUMBAHUA,Sr. Manuel Latacunga Pastuña,HOMBRE
COTOPAXI,SALCEDO,A.J. HOLGUÍN,Sr. Susana Margarita Cordova Torres,MUJER
COTOPAXI,SALCEDO,CUSUBAMBA,Sr. Iza Curay Juan Emilio,HOMBRE
COTOPAXI,SALCEDO,MULLIQUINDIL,Msc. Iralda Isabel Mollocana Rosero,MUJER
COTOPAXI,SALCEDO,PANZALEO,Mgtr. Juan Carlos Balseca Jijon,HOMBRE
COTOPAXI,SALCEDO,MULALILLO,Ing. Edison Gevanny Yánez Astudillo,HOMBRE
COTOPAXI,PANGUA,MORASPUNGO,Lcdo. Mario Fernando Salazar,HOMBRE
COTOPAXI,PANGUA,PINLLOPATA,Sr. Victor Daniel Léon Caranqui,HOMBRE
COTOPAXI,PANGUA,RAMÓN CAMPAÑA,Sr. Manuel Patricio Cuchiparte Baño,HOMBRE
COTOPAXI,LA MANA,PUCAYACU,Sr. José Luis Medina Madril,HOMBRE
COTOPAXI,LA MANA,GUASAGANDA,Ing. Edwin Omar Pazmiño Ibañez,HOMBRE
COTOPAXI,SIGCHOS,CHUGCHILAN,Sr. Jose Pilatasig Guamangate,HOMBRE
COTOPAXI,SIGCHOS,INSILIVI,Profe. Tito Hernan Zamora Lisintuña,HOMBRE
COTOPAXI,SIGCHOS,LAS PAMPAS,Sr. Fernado Ruben Balseca Porras,HOMBRE
COTOPAXI,SIGCHOS,PALO QUEMADO,Ing. Gabriela Aracely Guarochico Muñoz,MUJER
CHIMBORAZO,ALAUSI,ACHUPALLAS,GUAMAN CAJILEMA MANUEL JESUS,HOMBRE
CHIMBORAZO,ALAUSI,GUASUNTOS,MALAN GUARACA LUIS HUMBERTO,HOMBRE
CHIMBORAZO,ALAUSI,HUIGRA,SEGARRA GOMEZ ROBERTO FREDY,HOMBRE
CHIMBORAZO,ALAUSI,MULTITUD,CHINCHE CHINCHE DARÌO FABIÀN,HOMBRE
CHIMBORAZO,ALAUSI,PISTISHI,GUAYLLA SATIÀN ELVIA MARLENE,MUJER
CHIMBORAZO,ALAUSI,PUMALLACTA,ARTURO VICENTE URGILES ALTAMIRANO,HOMBRE
CHIMBORAZO,ALAUSI,SEVILLA,ESPINOZA CHAFLA WALTER HERNAN,HOMBRE
CHIMBORAZO,ALAUSI,SIBAMBE,FLORES ALDÀZ JOSÈ ARTURO,HOMBRE
CHIMBORAZO,ALAUSI,TIXAN,LLUILEMA LEMACHE SEGUNDO FRANCISCO,HOMBRE
CHIMBORAZO,CHUNCHI,CAPSOL,VILLA TENEMAZA FAUSTO BELISARIO,HOMBRE
CHIMBORAZO,CHUNCHI,COMPUD,SHINÌN TITO BLANCA AZUCENA,MUJER
CHIMBORAZO,CHUNCHI,GONZOL,AUQUI GUARACA ADRÌAN ARTURO,HOMBRE
CHIMBORAZO,CHUNCHI,LLAGOS,LOJA LOJA CRISISTO,HOMBRE
CHIMBORAZO,COLTA,CAÑI,AGUILAR GARCÌA ELIDA GRACIELA,MUJER
CHIMBORAZO,COLTA,COLUMBE,CEPEDA GUAMAN JOSÈ IGNACIO,HOMBRE
CHIMBORAZO,COLTA,JUAN DE VELASCO PANGOR,YUMBO CAIZAGUANO DARWIN HERNÀN,HOMBRE
CHIMBORAZO,COLTA,SANTIAGO DE QUITO,CONGACHA CUJILEMA JOSÈ,HOMBRE
CHIMBORAZO,GUAMOTE,CEBADAS,CAÌN CORO JOSÈ ALBERTO,HOMBRE
CHIMBORAZO,GUAMOTE,PALMIRA,CHIMBOLEMA LLUILEMA FRANCISCO,HOMBRE
CHIMBORAZO,GUANO,GUANANDO,DÍAZ BARRETO SEGUNDO DESIDERIO,HOMBRE
CHIMBORAZO,GUANO,ILAPO,PACALLA LLONGO ÀNGEL MANUEL,HOMBRE
CHIMBORAZO,GUANO,PROVIDENCIA,LLAMUCA LEÒN JOSÈ ALFREDO,HOMBRE
CHIMBORAZO,GUANO,SAN GERARDO,ARÉVALO CHUIZA OLGA VILMANIA,MUJER
CHIMBORAZO,GUANO,SAN JOSE DE CHAZO,LEMA RAMOS JUAN MANUEL,HOMBRE
CHIMBORAZO,GUANO,SANTA FE DE GALAN,CHAVEZ VILLARROEL HECTOR IGNACIO,HOMBRE
CHIMBORAZO,GUANO,SAN ANDRES,SILVA GAVILANES HECTOR ENRIQUE,HOMBRE
CHIMBORAZO,GUANO,SAN ISIDRO DE PATULU,CEPA GUAMAN ANGEL RODRIGO,HOMBRE
CHIMBORAZO,GUANO,VALPARAISO,SAIGUA AGUALONGO KLEVER EFRAIN,HOMBRE
CHIMBORAZO,PENIPE,BILBAO,FREIRE CAZCO DARWIN PAUL,HOMBRE
CHIMBORAZO,PENIPE,EL ALTAR,HARO OROZCO HECTOR ALFONSO,HOMBRE
CHIMBORAZO,PENIPE,LA CANDELARIA,BARBA PUSAY DIEGO VICENTE,HOMBRE
CHIMBORAZO,PENIPE,MATUS,VILLARROEL SARMIENTO RENATO PATRICIO,HOMBRE
CHIMBORAZO,PENIPE,PUELA,BARRIGA OLIVO MARIA ESTHER,MUJER
CHIMBORAZO,PENIPE,BAYUSHIG,GUANGA ONCE LUIS NICANOR,HOMBRE
CHIMBORAZO,RIOBAMBA,CALPI,GUAMAN MIÑARCAJA LOURDES EULALIA,MUJER
CHIMBORAZO,RIOBAMBA,CUBIJIES,MOYON CENTENO MARIO ESTUARDO,HOMBRE
CHIMBORAZO,RIOBAMBA,FLORES,GUAMAN GUAMBO FRANKLIN,HOMBRE
CHIMBORAZO,RIOBAMBA,LICAN,OCAÑA VILLACRES PAOLO GUALBERTO,HOMBRE
CHIMBORAZO,RIOBAMBA,CACHA,MOROCHO AGUAGALLO JESUS RUMY,HOMBRE
CHIMBORAZO,RIOBAMBA,LICTO,GUEVARA GOMEZ CARLOS ALBERTO,HOMBRE
CHIMBORAZO,RIOBAMBA,PUNGALA,MAZA MAZA SEGUNDO MARIO,HOMBRE
CHIMBORAZO,RIOBAMBA,PUNIN,CACHUPUD CUÑAZ DIONICIO,HOMBRE
CHIMBORAZO,RIOBAMBA,QUIMIAG,LLIQUÌN CAGUANA SEGUNDO MANUEL,HOMBRE
CHIMBORAZO,RIOBAMBA,SAN JUAN,ATI TACURI ABRAHAM ABELARDO,HOMBRE
CHIMBORAZO,RIOBAMBA,SAN LUIS,MOROCHO QUISNANCELA JUAN CARLOS,HOMBRE
EL ORO,ARENILLAS,CARCABON,JHALMAR WILFREDO HONORES CUENCA,HOMBRE
EL ORO,ARENILLAS,CHACRAS,CRISTIAN AGUSTIN ALVARADO JUMBO,HOMBRE
EL ORO,ARENILLAS,PALMALES,MARIA YANET APONTE RODRIGUEZ,MUJER
EL ORO,ARENILLAS,LA CUCA,SUCRE MODESTO CEVALLOS CHAVEZ,HOMBRE
EL ORO,ATAHUALPA,AYAPAMBA,VICTOR HUGO MOROCHO CUEVA,HOMBRE
EL ORO,ATAHUALPA,CORDONCILLO,MANUEL AGUSTIN BUELE BUELE,HOMBRE
EL ORO,ATAHUALPA,MILAGRO,JOSE PATRICIO FREIRE MARIN,HOMBRE
EL ORO,ATAHUALPA,SAN JOSE,CESAR VICTORIANO FREIRE AGUILAR,HOMBRE
EL ORO,ATAHUALPA,SAN JUAN DE CERRO AZUL,NASARIO DE JESUS BUELE BUELE,HOMBRE
EL ORO,BALSAS,BELLA MARIA,RAMIRO RAMIREZ CAMPOVERDE,HOMBRE
EL ORO,EL GUABO,BARBONES,JUAN PABLO SUSCAL AREVALO,HOMBRE
EL ORO,EL GUABO,LA IBERIA,HUGO MARCELO SEGARRA ARMIJOS,HOMBRE
EL ORO,EL GUABO,RIO BONITO,ROSA BEATRIZ PAUCAR LLIVICHUZCA,MUJER
EL ORO,EL GUABO,TENDALES,MARIA TERESA GUERRERO ABRIL,MUJER
EL ORO,LAS LAJAS,EL PARAISO,FRANKLIN ROGELIO ENRIQUEZ UREÑA,HOMBRE
EL ORO,LAS LAJAS,LIBERTAD,CESAR ALFREDO MERCHAN GUAICHA,HOMBRE
EL ORO,LAS LAJAS,SAN ISIDRO,JENNIFER GANELLA ROMERO DAVILA,MUJER
EL ORO,MACHALA,EL RETIRO,MANUEL VINICIO TORRES MATAMOROS,HOMBRE
EL ORO,MARCABELI,EL INGENIO,ANDRES TOBIAS APOLO ROSADO,HOMBRE
EL ORO,PASAJE,BUENAVISTA,SEGUNDO ASUNCION MENDIA,HOMBRE
EL ORO,PASAJE,CAÑA QUEMADA,DARLYN VICENTE ESPINOZA PAREDES,HOMBRE
EL ORO,PASAJE,CASACAY,DIEGO GIOVANNI DUQUE GUALOTUÑA,HOMBRE
EL ORO,PASAJE,LA PEAÑA,ABEL ALBERTO UGARTE URDIALES,HOMBRE
EL ORO,PASAJE,PROGRESO,BENITO ELISEO CHUCHUCA OYOS,HOMBRE
EL ORO,PASAJE,UZHCURRUMI,JULIO ENRIQUE MACAS ASANZA,HOMBRE
EL ORO,PIÑAS,CAPIRO,JORGE OSWALDO RAMIREZ JARAMILLO,HOMBRE
EL ORO,PIÑAS,LA BOCANA,GEANELLA MARIA APOLO VALDIVIEZO,MUJER
EL ORO,PIÑAS,MORO MORO,KELVIN JOSE ZAMBRANO ZAMBRANO,HOMBRE
EL ORO,PIÑAS,PIEDRAS,ROSA MARIBEL AGILA REYES,MUJER
EL ORO,PIÑAS,SAN ROQUE,PEDRO ENRIQUE GALLARDO CAMACHO,HOMBRE
EL ORO,PIÑAS,SARACAY,JORGE HOMERO OCHOA SANCHEZ,HOMBRE
EL ORO,PORTOVELO,CURTINCAPAC,JESSICA ALEXANDRA CHAMBA ESPINOZA,MUJER
EL ORO,PORTOVELO,MORALES,MICHAEL ANDRES AGUILAR BLACIO,HOMBRE
EL ORO,PORTOVELO,SALATI,ROBINSON BLADIMIR JIMENEZ HIDALGO,HOMBRE
EL ORO,SANTA ROSA,BELLA MARIA,KRISTHELL TATIANA MADINABEITIA PONTON,MUJER
EL ORO,SANTA ROSA,BELLAVISTA,ORLANDO MANRIQUE ORELLANA VACA,HOMBRE
EL ORO,SANTA ROSA,JAMBELI,FLORA FRANCISCA URBINA RAMIREZ,MUJER
EL ORO,SANTA ROSA,LA AVANZADA,PABLO IVAN QUEZADA TOLEDO,HOMBRE
EL ORO,SANTA ROSA,SAN ANTONIO,MERY ESMERALDA UNUZUNGO CUN,MUJER
EL ORO,SANTA ROSA,TORATA,ROLANDO PATRICIO TORRES ROMAN,HOMBRE
EL ORO,SANTA ROSA,VICTORIA,WILSON REINALDO RODRIGUEZ LAZO,HOMBRE
EL ORO,ZARUMA,ABAÑIN,GERMAN CRUZ MACAS GALLEGOS,HOMBRE
EL ORO,ZARUMA,ARCAPAMBA,SERGIO STALIN AGUILAR AGUILAR,HOMBRE
EL ORO,ZARUMA,GUANAZAN,ENRY BOLIVAR VILLACRES SERRANO,HOMBRE
EL ORO,ZARUMA,GUIZHAGUIÑA,DEYSY MARIETA BERSOZA MALDONADO,MUJER
EL ORO,ZARUMA,HUERTAS,ALEJANDRO FORTUNATO BLACIO CASTILLO,HOMBRE
EL ORO,ZARUMA,MALVAS,MARTHA GRACIELA CARRION SANCHEZ,MUJER
EL ORO,ZARUMA,MULUNCAY GRANDE,HECTOR JUVENAL AGUILAR RAMIREZ,HOMBRE
EL ORO,ZARUMA,SALVIAS,MANUEL CRISTOBAL GONZALEZ MURQUINCHO,HOMBRE
EL ORO,ZARUMA,SINSAO,GUSTAVO WENCESLAO ARMIJOS AGUILAR,HOMBRE
ESMERALDAS,Esmeraldas,CAMARONES,NIEVE TERESA GILER MOREIRA,MUJER
ESMERALDAS,Esmeraldas,CHINCA,NELSON YIMI SANDOVAL GRACIA,HOMBRE
ESMERALDAS,Esmeraldas,CRNL CARLOS CONCHOMBREA TORRES,MARIA EUGENIA CHEME ARAGUNDYS,MUJER
ESMERALDAS,Esmeraldas,MAJUA,JAMINTHON BILLIELSON MLORES DE VALGAZ GILER,HOMBRE
ESMERALDAS,Esmeraldas,SAN MATEO,SERGIO ANTONIO PACHECO DELGADO,HOMBRE
ESMERALDAS,Esmeraldas,TABIAZO,IVER QUIÑONEZ JAEN,HOMBRE
ESMERALDAS,Esmeraldas,TACHINA,LILIANA MARGARITA ZAMORA CHAVEZ,MUJER
ESMERALDAS,Esmeraldas,VUELTA LARGA,LIDIA INES VACA BONES,MUJER
ESMERALDAS,ELOY ALFARO,ANCHAYACU,ANDERSON BOLIVAR BONILLA CASTILLO,HOMBRE
ESMERALDAS,ELOY ALFARO,ATAHUALPA,LUIS ANDERSON COROZO NAZARENO,HOMBRE
ESMERALDAS,ELOY ALFARO,BORBÓN,WILSON SEGURA MINA,HOMBRE
ESMERALDAS,ELOY ALFARO,COLÓN ELOY DE MARÍA,CARINA GRACIELA VALDEZ MINA,MUJER
ESMERALDAS,ELOY ALFARO,LA TOLA,JULIO CESAR MARQUEZ DALMOS,HOMBRE
ESMERALDAS,ELOY ALFARO,LUIS VARGAS TORRES,"DOMINGO YANER
 MEDINA AYOVI",HOMBRE
ESMERALDAS,ELOY ALFARO,MALDONADO,IRMA VERA NAZARENO,MUJER
ESMERALDAS,ELOY ALFARO,PAMPANAL DE BOLÍVAR,JUAN CARLOS PALOMINO PALACIOS,HOMBRE
ESMERALDAS,ELOY ALFARO,SAN fRANCISCO DE ONZOLE,PEDRO RITHER ANGULO MEDINA,HOMBRE
ESMERALDAS,ELOY ALFARO,SAN JOSÉ DE CAYAPAS,WAIBER WALNER QUIÑONEZ ARROYO,HOMBRE
ESMERALDAS,ELOY ALFARO,SANTO DOMINGO DE ONZOLE,CHARLIE RAYNEIRO ORTIZ LOPEZ,HOMBRE
ESMERALDAS,ELOY ALFARO,SANTA LUCIA DE LAS PEÑAS,JANDRY IVAN PEREZ GRACIA,HOMBRE
ESMERALDAS,ELOY ALFARO,SELVA ALEGRE,LUCIANO ARROYO QUIÑONEZ,HOMBRE
ESMERALDAS,ELOY ALFARO,TELEMBI,JIRDO AÑAPA SAN NICOLAS,HOMBRE
ESMERALDAS,ELOY ALFARO,TIMBIRE,ANA JIRABEL CAICEDO VALDEZ,MUJER
ESMERALDAS,Muisne,BOLIVAR,DALTON DAVID CHILA CAGUA,HOMBRE
ESMERALDAS,Muisne,DAULE,DIOGENES MERNANDO ESTRADA REYES,HOMBRE
ESMERALDAS,Muisne,GALERA,GINA KAMINA RIOS CHERE,MUJER
ESMERALDAS,Muisne,QUINGUE,BAIRON LIRIO PROAÑO MOSQUERA,HOMBRE
ESMERALDAS,Muisne,SALIMA,NERY EXON ESCOBAR ROSALEZ,HOMBRE
ESMERALDAS,Muisne,SAN FRANCISCO,ANGEL ROBER ARIAS TREJO,HOMBRE
ESMERALDAS,Muisne,SAN GREGORIO,ALVAREZ CASTILLO DAVID MERNANDO,HOMBRE
ESMERALDAS,Muisne,SAN JOSÉ DE CHOMBREAMANGA,ANTONIO DEL ANGEL LOOR REYES,HOMBRE
ESMERALDAS,Quinindé,CHURA,HOLANDA MARGARITA BRAVO MORA,MUJER
ESMERALDAS,Quinindé,CUBE / CHOMBREANCAMA,RONALD JASMANY RUIZ GUERRERO,HOMBRE
ESMERALDAS,Quinindé,LA UNIÓN,ELINA ELIZABETH LOOR URDANIGO,MUJER
ESMERALDAS,Quinindé,MALIMPIA / GUAYLLABAMBA,DENNIS ROLANDO TORRES CUENCA,HOMBRE
ESMERALDAS,Quinindé,VICHE,RICHARD ORLEY SOLORZANO OBANDO,HOMBRE
ESMERALDAS,San Lorenzo,5 DE JUNIO/HOMBREUIMBI,NODESDA ROXANA VERNAZA MINA,MUJER
ESMERALDAS,San Lorenzo,ALTO TAMBO/GUADAL,"SELENA GUADALUPE
 SOLARTE CHUQUIZAN",MUJER
ESMERALDAS,San Lorenzo,ANCON/PALMA REAL,MRANCISCO CATALINO PEREA RIVA,HOMBRE
ESMERALDAS,San Lorenzo,CARONDELET,JAIRO PAUL LARA MINA,HOMBRE
ESMERALDAS,San Lorenzo,CONCEPCIÓN,ELEICER CLEMENTE ESTUPIÑAN ANGULO,HOMBRE
ESMERALDAS,San Lorenzo,MATAJE,WILMER ADALI JIMBO CANDO,HOMBRE
ESMERALDAS,San Lorenzo,SAN JAVIER DE CACHAVI,NESTOR JAVIER CAICEDO CAICEDO,HOMBRE
ESMERALDAS,San Lorenzo,SANTA RITA,EDILBERTO ALBARO CAICEDO NAZARENO,HOMBRE
ESMERALDAS,San Lorenzo,TAMBILLO,CLEVER MONTAÑO YELA,HOMBRE
ESMERALDAS,San Lorenzo,TULULBI /RICAURTE,LORENA MARTIZA RODRIGUEZ KLINGER,MUJER
ESMERALDAS,San Lorenzo,URBINA,DIEGO AURELIANO NAZARENO NAZARENO,HOMBRE
ESMERALDAS,San Lorenzo,CALDERON,JOSÉ HÉCTOR CARABALI ANGULO,HOMBRE
ESMERALDAS,Atacames,LA UNIÓN,JENNY NARCISA ROBINSON SPER,MUJER
ESMERALDAS,Atacames,SUA/BOCANA,MILDA DELMINA VERA SANTOS,MUJER
ESMERALDAS,Atacames,TONCHIGUE,LUIS ANGEL VILCACUNDO SINCHIGUANO,HOMBRE
ESMERALDAS,Atacames,TONSUPA,DIOGENES HERIBERTO GONZALEZ MINA,HOMBRE
ESMERALDAS,Rioverde,CHONTADURO,ANGEL MERNANDO MACIAS VERA,HOMBRE
ESMERALDAS,Rioverde,CHUMUNDE,MEDERICO ARTURO LEON MALDONADO,HOMBRE
ESMERALDAS,Rioverde,LAGARTO,CALDAS RAMIREZ MENTOR LIDEZ,HOMBRE
ESMERALDAS,Rioverde,MONTALVO / HOMBREORQUETA,JIMMY ANDRES HURTADO QUIÑONEZ,HOMBRE
ESMERALDAS,Rioverde,ROCAFUERTE,GLORIA STEMANIC PEÑA MOSQUERA,MUJER
GALAPAGOS,SANTA CRUZ,BELLAVISTA,ELVIS LLERENA,HOMBRE
GALAPAGOS,SANTA CRUZ,SANTA ROSA,NESTOR CAIZA,HOMBRE
GALAPAGOS,ISABELA,Tomas de Berlanga,ARMAS GIL EMILIO,HOMBRE
GALAPAGOS,SAN CRISTÓBAL,Isla Santa María,MORA FLORES VERONICA JIMENA,MUJER
GALAPAGOS,SAN CRISTÓBAL,El Progreso,BECERRA HERNANDEZ EDY BISMAR,HOMBRE
GUAYAS,COLIMES,SAN JACINTO,JUAN CARLOS CABRERA BERMUDEZ,HOMBRE
GUAYAS,DAULE,EL LAUREL,MANUEL ALMONSO AVILES LEON,HOMBRE
GUAYAS,DAULE,JUAN BAUTISTA AGUIRRE,CRISTHIAN ROLANDO RUIZ CASTRO,HOMBRE
GUAYAS,DAULE,LOS LOJAS,KEVIN ALMREDO MARURI CORREA,HOMBRE
GUAYAS,DAULE,LIMONAL,HILDA ELIZABETH CASTRO RONQUILLO,MUJER
GUAYAS,EL EMPALME,EL ROSARIO,NANCY MIRELLA LOOR ZAMBRANO,MUJER
GUAYAS,EL EMPALME,GUAYAS,WALTER ANTONIO CARRERA CEDEÑO,HOMBRE
GUAYAS,GUAYAQUIL,JUAN GOMEZ RENDON,YOLANDA MENDOZA ANASTACIO,MUJER
GUAYAS,GUAYAQUIL,EL MORRO,GERMAN ZACARIAS ANASTACIO BALÓN,HOMBRE
GUAYAS,GUAYAQUIL,POSORJA,ALEXANDRA JANETH AYALA MENDOZA,MUJER
GUAYAS,GUAYAQUIL,PUNA,ANDERSON STALIN CHÁVEZ PÉREZ,HOMBRE
GUAYAS,GUAYAQUIL,TENGUEL,LILIANA GARDENIA SIMBALA AGUILAR,MUJER
GUAYAS,MILAGRO,CHOBO,EDGAR ENRIQUE IDROVO ESPINOZA,HOMBRE
GUAYAS,MILAGRO,MARISAL SUCRE,VALERIA ALBA CALDERON CALLE,MUJER
GUAYAS,MILAGRO,ROBERTO ASTUDILLO,DARWIN MABIÁN ARCOS PANIMBOZA,HOMBRE
GUAYAS,NARANJAL,JESUS MARIA,MARIA DEL CISNE WONG CORRALES,MUJER
GUAYAS,NARANJAL,SAN CARLOS,JULIO MIGUEL TORRES GUANGA,HOMBRE
GUAYAS,NARANJAL,SANTA ROSA DE MUJERLANDES,ALMONSO JACINTO SOLIS MIALLOS,HOMBRE
GUAYAS,NARANJAL,TAURA,ADAN ISIDORO ORELLANA MARTÍNEZ,HOMBRE
GUAYAS,PEDRO CARBO,SABANILLA,RAMAEL EDUARDO HERRERA SANTANA,HOMBRE
GUAYAS,PEDRO CARBO,VALLE DE LA VIRGEN,SILVIO JACINTO CASTRO DONOSO,HOMBRE
GUAYAS,SALITRE,GENERAL VERNAZA,ALEX DE JESÚS PALMA CANDELARIO,HOMBRE
GUAYAS,SALITRE,JUNQUILLAL,LUIS ALMREDO VERA BARCOS,HOMBRE
GUAYAS,SALITRE,LA VICTORIA,ILIANA DEL ROCIO MORA VERGARA,MUJER
GUAYAS,SAMBORONDON,TARIMUJERA,JOHNNY JORY YULAN CEAVICHAY,HOMBRE
GUAYAS,SIMON BOLIVAR,LORENZO DE GARAICOA,LORENZO SALOMON ORTIZ MORA,HOMBRE
GUAYAS,YAGUACHI,PEDRO J MONTERO,WILLIAN SAMUEL PEREZ ESTRADA,HOMBRE
GUAYAS,YAGUACHI,VIRGEN DE FATIMA,ROMMEL MRANKLIN MOREIRA TOMALÁ,HOMBRE
GUAYAS,YAGUACHI,YAGUACHI VIEJO CONE,GRECIA CAMPUSANO ALVARADO,MUJER
IMBABURA,IBARRA,Ambuqui,SANTIAGO DANIEL GUDIÑO ACOSTA,HOMBRE
IMBABURA,IBARRA,Carolina,JULIO CESAR AGUIRRE MINDA,HOMBRE
IMBABURA,IBARRA,Esperanza,JUAN JOSE GUATEMAL PUPIALES,HOMBRE
IMBABURA,IBARRA,Angochagua,SEGUNDO JOSE ALVEAR SANDOVAL,HOMBRE
IMBABURA,IBARRA,Salinas,PAULO ROBERTO RAMOS POZO,HOMBRE
IMBABURA,IBARRA,Lita,CARLOS PAUL ANDRADE CANTINCUZ,HOMBRE
IMBABURA,IBARRA,San Antonio,HECTOR GUILLERMO CHUQUIN YEPEZ,HOMBRE
IMBABURA,OTAVALO,Dr. Miguel Egas,PACHA CUTIC LEMA DE VET,HOMBRE
IMBABURA,OTAVALO,Eugenio Espejo,MANUEL OYAGATA AGUILAR,HOMBRE
IMBABURA,OTAVALO,Gonzalez Suarez,IVAN DE LA CRUZ PERUGACHI,HOMBRE
IMBABURA,OTAVALO,Pataqui,VERONICA ALEXANDRA RUIZ BENALCÁZAR,MUJER
IMBABURA,OTAVALO,Iluman,ALBERTO SANTACRUZ MALDONADO,HOMBRE
IMBABURA,OTAVALO,Quichinche,MARIA VERONICA ESTRADA ANRANGO,MUJER
IMBABURA,OTAVALO,San Pablo,EDISON MAURICIO MARTINEZ HIDALGO,HOMBRE
IMBABURA,OTAVALO,San Rafael,ANTONIO TOCAGON GUALACATA,HOMBRE
IMBABURA,OTAVALO,Selva Alegre,PATRICIO ROLANDO ORTIZ ORTIZ,HOMBRE
IMBABURA,COTACACHI,Apuela,JORGE ORLANDO CHICAIZA FLORES,HOMBRE
IMBABURA,COTACACHI,Quiroga,SERGIO PAUL GUERRA ANDRADE,HOMBRE
IMBABURA,COTACACHI,Plaza Guiterrez,EVELYN PAMELA IMBAQUINGO ALMEIDA,MUJER
IMBABURA,COTACACHI,Vacas Galindo,PEDRO ROLANDO GOMEZ MONTALVO,HOMBRE
IMBABURA,COTACACHI,Cuellaje,RICHARDS GRAHAM,HOMBRE
IMBABURA,COTACACHI,Imantag,ERIKA CRISTINA BOLAÑOS ESCUDERO,MUJER
IMBABURA,COTACACHI,Peñaherrera,MARIA MAGDALENA BOLAÑOS PIEDRA,MUJER
IMBABURA,COTACACHI,Garcia Moreno,ANGEL ISAAC ALMEIDA VALLEJOS,HOMBRE
IMBABURA,ANTONIO ANTE,San Roque,ROMMEL STEEVEN TERAN LOMAS,HOMBRE
IMBABURA,ANTONIO ANTE,Chaltura,EDISSON DARIO POMASQUI IBADANGO,HOMBRE
IMBABURA,ANTONIO ANTE,Natabuela,VIVIANA ELIZABETH VILLEGAS REYES,MUJER
IMBABURA,ANTONIO ANTE,Imbaya,VANESSA ELIZABETH TERAN TERAN,MUJER
IMBABURA,PIMAMPIRO,Chuga,JAIME DANILO BENAVIDES ENRIQUEZ,HOMBRE
IMBABURA,PIMAMPIRO,Sigsipamba,ROBER MARCELO BONILLA ARAY,HOMBRE
IMBABURA,PIMAMPIRO,Mariano Acosta,EDWIN BLADIMIR TUQUERREZ JUMA,HOMBRE
IMBABURA,URCUQUI,Cahuasqui,FELMAN GALLARDO VEGA VILLAVICENCIO,HOMBRE
IMBABURA,URCUQUI,San Blas,MARIA CARMEN CHUMA RECALDE,MUJER
IMBABURA,URCUQUI,Pablo Arenas,WIDMAN ANDRES MALDONADO SUAREZ,HOMBRE
IMBABURA,URCUQUI,Tumbabiro,FRANKLIN ALONZO RUIZ RIVERA,HOMBRE
IMBABURA,URCUQUI,Merced de Buenos Aires,LUCIA JEANETH CHICAIZA TATES,MUJER
LOJA,CALVAS,Colaisaca,Sr. Victor Hugo Ludeña Sarango,HOMBRE
LOJA,CALVAS,El Lucero,Sra. Nancy Maribel Jaramillo Ludeña,MUJER
LOJA,CALVAS,Sanguillín,Sr. Ángel Mrancisco Quevedo Cumbicus,HOMBRE
LOJA,CALVAS,Utuana,Ing. Rocío del Cisne Castillo González,MUJER
LOJA,CATAMAYO,El Tambo,Byron Paúl Namicela Luzuriaga,HOMBRE
LOJA,CATAMAYO,GuayquicHuma,Rodrigo Agustín Armijos Sarango,HOMBRE
LOJA,CATAMAYO,San Pedro de la Bendita,Gerardo Martín Alvarado Maldonado,HOMBRE
LOJA,CATAMAYO,Zambi,José Luis Soto Torres,HOMBRE
LOJA,CELICA,Cruzpamba,Delia de Jesús Gallego Gómez,MUJER
LOJA,CELICA,Sabanilla,Darwin Rene Duarte Ato,HOMBRE
LOJA,CELICA,San Juan de Pózul,María Mercedes CamacHo Acaro,MUJER
LOJA,CELICA,Tnte. Maximiliano R,Aldeny Pardo Enriquez,HOMBRE
LOJA,CHAGUARPAMBA,Amarillos,Julio AlMredo Cabrera Samaniego,HOMBRE
LOJA,CHAGUARPAMBA,Buenavista,Omer Vicente Espinoza Tenorio,HOMBRE
LOJA,CHAGUARPAMBA,El Rosario,Wilson Daniel Añazco Enacalada,HOMBRE
LOJA,CHAGUARPAMBA,Santa RuFina,ElizabetH del Carmen Roman Guerrero,MUJER
LOJA,ESPÍNDOLA,Bellavista,Sr. Wilson EMrén Tamayo Villalta,HOMBRE
LOJA,ESPÍNDOLA,El Airo,Tngo. Horgel Rigoberto Jimenez Abad,HOMBRE
LOJA,ESPÍNDOLA,El Ingenio,Lic. Jorge Cuenca Tillaguango,HOMBRE
LOJA,ESPÍNDOLA,Jimbura,Eco. Jorge Luis Jimenez Merino,HOMBRE
LOJA,ESPÍNDOLA,Santa Teresita,Vicente Alvarito Cruz Tamayo,HOMBRE
LOJA,ESPÍNDOLA,27 De abril,Ing. Milner Estalin Cumbicus Jiménez,HOMBRE
LOJA,GONZANAMÁ,CHangaimina,Lic. Aide Haydee CamacHo Veintimilla,MUJER
LOJA,GONZANAMÁ,Nambacola,José Mrancisco Jimenez Aguirre,HOMBRE
LOJA,GONZANAMÁ,Purunuma,Dr. Daniel Enrrique Luzuriaga Jimenez,HOMBRE
LOJA,GONZANAMÁ,Sacapalca,Lic. José Medardo RioMrío Obando,HOMBRE
LOJA,LOJA,CHantaco,José Anibal Espinoza PucHa,HOMBRE
LOJA,LOJA,CHuquiribamba,Abg. Romel Mavian Aguinsaca Gualsaqui,HOMBRE
LOJA,LOJA,El Cisne,Edison Graniso Carrión Capa,HOMBRE
LOJA,LOJA,Gualel,Lic. Rodrigo Jamil Tene Angamarca,HOMBRE
LOJA,LOJA,Jimbilla,Lauro Antonio Abrigo Guamán,HOMBRE
LOJA,LOJA,Malacatos,Willan AbraHam CHamba Rodríguez,HOMBRE
LOJA,LOJA,Quinara,Eradio EMren Araujo MacancHi,HOMBRE
LOJA,LOJA,San Lucas,Ing. Julio Pedro Lozano Lozano,HOMBRE
LOJA,LOJA,San Pedro de Vilcabamba,JHimmy Mabián Toledo Castillo,HOMBRE
LOJA,LOJA,Santiago,Abg. Angel Ivan Quezada Silva,HOMBRE
LOJA,LOJA,Taquil,ProM. Manuel Humberto Robalino CartucHe,HOMBRE
LOJA,LOJA,Vilcabamba,Mgs. Victor David Carpio Coronel,HOMBRE
LOJA,LOJA,Yangana,Lic. Cosme Alberto OcHoa Maldonado,HOMBRE
LOJA,MACARÁ,Larama,Nelo Antonio Carpio Vera,HOMBRE
LOJA,MACARÁ,La Victoria,Darrin Edison Paucar Paucar,HOMBRE
LOJA,MACARÁ,Sabiango,Odont. Adriana Margarita Guarnizo Novillo,MUJER
LOJA,OLMEDO,La Tingue,Leonardo Coronel Procel Mendez,HOMBRE
LOJA,PALTAS,Cangonamá,Ing. Gabriela Vanessa Celi Diaz,MUJER
LOJA,PALTAS,Casanga,Ing. Juan Carlos Astudillo Campoverde,HOMBRE
LOJA,PALTAS,GuacHanamá,Miguel Angel Sarango Rosario,HOMBRE
LOJA,PALTAS,Lauro Guerrero,Ing. JHon Gabriel Celi Gallegos,HOMBRE
LOJA,PALTAS,Orianga,Mranklin Cornelio Cuenca Cuenca,HOMBRE
LOJA,PALTAS,San Antonio,Romel José Hurtado Herrera,HOMBRE
LOJA,PALTAS,Yamana,Carlos Raúl Paladines Mariño,HOMBRE
LOJA,PINDAL,CHaquinal,Carmen de Rocío Castillo Sarango,MUJER
LOJA,PINDAL,Milagros,Víctor Daniel Valdez Córdova,HOMBRE
LOJA,PINDAL,12 DE DICIEMBRE,JHon Alex Lapo Apolo,HOMBRE
LOJA,PUYANGO,Ciano,Nelson Alcibar Granda Granda,HOMBRE
LOJA,PUYANGO,El Arenal,Darwin Vitelio Ríos Córdova,HOMBRE
LOJA,PUYANGO,El Limo,Lic. Wilman Mabián Elizalde Galarza,HOMBRE
LOJA,PUYANGO,Mercadillo,Ing. Vicente Mabian Elizalde CHamba,HOMBRE
LOJA,PUYANGO,Vicentino,Sandra Margarita Tobar Hernandez,MUJER
LOJA,QUILANGA,fundocHamba,Lic. Deicy Leticia Cueva Cueva,MUJER
LOJA,QUILANGA,San Antonio de las Aradas,Abg. Justo Elias Correa Conde,HOMBRE
LOJA,SARAGURO,El Paraíso de Celén,Manuel Benjamín Namcela Ávila,HOMBRE
LOJA,SARAGURO,El Tablón,StHeysi LissettHe Torres Ordóñez,MUJER
LOJA,SARAGURO,LluzHOMBREapa,MelMor Alcivar Romero Sanmartín,HOMBRE
LOJA,SARAGURO,Manú,Edison Ibelio Armijos Ordóñez,HOMBRE
LOJA,SARAGURO,San Antonio de Cumbe,Herman Agusto Armijos Gonzáles,HOMBRE
LOJA,SARAGURO,San Pablo de Tenta,Jorge PacHacutic Contento Japón,HOMBRE
LOJA,SARAGURO,San Sebastián de Yúluc,Mgs. Rozman Patricio Saca Saca,HOMBRE
LOJA,SARAGURO,Selva Alegre,Adriano Rodrigo Labanda Patiño,HOMBRE
LOJA,SARAGURO,Sumaypamba,Angel Edmundo Dota Macas,HOMBRE
LOJA,SARAGURO,Urdaneta,ProM. Carlos EudoMilio Mora Espinoza,HOMBRE
LOJA,SOZORANGA,Nueva Fátima,Edison Andrés Lapo Gómez,HOMBRE
LOJA,SOZORANGA,Tacamoros,Mranklin Solano Imaicela,HOMBRE
LOJA,ZAPOTILLO,Bolaspamba,Ernesto Daniel Rivera Elizalde,HOMBRE
LOJA,ZAPOTILLO,Cazaderos,Lic. Leidi Marivel Sunción Aponte,MUJER
LOJA,ZAPOTILLO,Garzareal,Jorge Luis Panamito Vargas,HOMBRE
LOJA,ZAPOTILLO,Limones,José Marcelo Vidal Vidal,HOMBRE
LOJA,ZAPOTILLO,MangaHurco,Mranco Roberto MarMan Aponte,HOMBRE
LOJA,ZAPOTILLO,Paletillas,EMraín Loyola Córdova,HOMBRE
LOS RIOS,BABA,ISLA DE BEJUCAL,DAYAN JOSÉ SUÁREZ ASPIAZU,HOMBRE
LOS RIOS,BABA,GUARE,TNLGO. ERIK SAMUEL PEÑAFIEL VERA,HOMBRE
LOS RIOS,BABAHOYO,LA UNIÓN,LCDO. JOSÉ LUIS DICAO ESTRADA,HOMBRE
LOS RIOS,BABAHOYO,CARACOL,VICTOR MANUEL GONZÁLEZ CEDEÑO,HOMBRE
LOS RIOS,BABAHOYO,PIMOCHA,SERGIO EDUARDO CARBO JARAMILLO,HOMBRE
LOS RIOS,BABAHOYO,FEBRES CORDERO,MARÍA ELIZABETH MARISCAL JIMÉNEZ,MUJER
LOS RIOS,BUENA FÉ,PATRICIA PILAR,ING. GUSTAVO BOANERGES VALVERDE MORALES,HOMBRE
LOS RIOS,MONTALVO,LA ESMERALDA,ING. JUNIOR ALEXHANDER GAIBOR ALBÁN,MUJER
LOS RIOS,PUEBLOVIEJO,PUERTO PECHICHE,LCDA. NOEMI LILIBETH ARANA MUÑOZ,MUJER
LOS RIOS,PUEBLOVIEJO,SAN JUAN,JOSÉ EDGAR FLORES TREJO,HOMBRE
LOS RIOS,QUEVEDO,LA ESPERANZA,ING. JULIA IRENE QUINTANA CEDEÑO,MUJER
LOS RIOS,QUEVEDO,SAN CARLOS,PEDRO ABEL MALDONADO IBARRA,HOMBRE
LOS RIOS,URDANETA,RICAURTE,LEYTON LUIS MOREIRA VÁSQUEZ,HOMBRE
LOS RIOS,VENTANAS,LOS ANGELES,REINALDO FRANCLI CARRIEL SÁNCHEZ,HOMBRE
LOS RIOS,VENTANAS,CHACARITA,ABG. JOHANNA MARINA MIRANDA ESCOBAR,MUJER
LOS RIOS,VENTANAS,ZAPOTAL,JOSÉ LUIS URRUTIA LUZDEÑA,HOMBRE
LOS RIOS,VINCES,ANTONIO SOTOMAYOR,SIDNEY JESÚS MORA PALACIOS,HOMBRE
MANABI,24 DE MAYO,NOBOA,MAYRA FRANCISCA SUAREZ BAQUE,MUJER
MANABI,24 DE MAYO,ARQ. SIXTO DURAN BALLEN,JACINTO VILLAMAR,HOMBRE
MANABI,24 DE MAYO,BELLAVISTA,EDDY ALEXI TOALA,HOMBRE
MANABI,BOLIVAR,MEMBRILLO,OSCAR CEDEÑO,HOMBRE
MANABI,BOLIVAR,QUIROGA,JOHAN PARRAGA,HOMBRE
MANABI,CHONE,CONVENTO,CARMEN CECIBETH CELORIO PITA,MUJER
MANABI,CHONE,BOYACA,SANDY GOMEZ,MUJER
MANABI,CHONE,CHIBUNGA,JOSE ALBERTO BRAVO UGALDE,HOMBRE
MANABI,CHONE,CANUTO,ROMMY CUEVA,HOMBRE
MANABI,CHONE,ELOY ALFARO,RICARDO IVAN SALTOS ZAMBRANO,HOMBRE
MANABI,CHONE,RICAURTE,VERONICA DEL ROCIO BRAVO,MUJER
MANABI,CHONE,SAN ANTONIO,DARWIN MERA VERA,HOMBRE
MANABI,EL CARMEN,PARAISO LA 14,WINTHER SANTIAGO ALARCON MOREIRA,HOMBRE
MANABI,EL CARMEN,SANTA MARIA,KERLLY MERCEDES BURGOS CASTILLO,MUJER
MANABI,EL CARMEN,SAN PEDRO DE SUMA,JAVIER EDISON TAPIA INTRIAGO,HOMBRE
MANABI,EL CARMEN,WILFRIDO LOOR,OMAR SANTOS,HOMBRE
MANABI,FLAVIO ALFARO,NOVILLO,LAURA SALABARRIA,MUJER
MANABI,FLAVIO ALFARO,ZAPALLO,JARRY JEN REZABALA FIGUEROA,HOMBRE
MANABI,JIPIJAPA,LA UNION,FLOR MARIA GUTIERREZ ZAVALA,MUJER
MANABI,JIPIJAPA,PUERTO CAYO,CARLOS ALBERTO ORLANDO GONZALEZ,HOMBRE
MANABI,JIPIJAPA,AMERICA,JOFFRE QUIMIS,HOMBRE
MANABI,JIPIJAPA,EL ANEGADO,ANTONIO INDACOCHEA,HOMBRE
MANABI,JIPIJAPA,JULCUY,MARITZA FIGUEROA,MUJER
MANABI,JIPIJAPA,MEMBRILLAL,WALTER LOPEZ,HOMBRE
MANABI,JIPIJAPA,PEDRO PABLO GOMEZ,JOSUE ARANEA,HOMBRE
MANABI,MANTA,SAN LORENZO,WENDY MAGDELINE UBE REYES,MUJER
MANABI,MANTA,SANTA MARIANITA,LEONELA MONICA ZAMBRANO MURILLO,MUJER
MANABI,MONTECRISTI,LA PILA,CARLOS SANTANA SANTANA,HOMBRE
MANABI,PAJAN,GUALE,FIDEL ADRIAN MOLINA MUÑOZ,HOMBRE
MANABI,PAJAN,LASCANO,ALFONSO MIGUEL GUERRERO GUERRERO,HOMBRE
MANABI,PAJAN,CAMPOZANO,NEXAR GEOVANNY VERA HIDROVO,HOMBRE
MANABI,PAJAN,CASCOL,JUNIOR PLUA RODRIGUEZ,HOMBRE
MANABI,PEDERNALES,COJIMIES,DORA ALEJANDRA CORDOVA ANCHUNDIA,MUJER
MANABI,PEDERNALES,10 DE AGOSTO,ESPERANZA VELASQUEZ,MUJER
MANABI,PEDERNALES,ATAHUALPA,JOSE ARROYO,HOMBRE
MANABI,PICHINCHA,BARRAGANETE,LUIS VICENTE LAINES JIRON,HOMBRE
MANABI,PICHINCHA,SAN SEBASTIAN,MERCEDES JAZMIN SOLORZANO GUADAMUD,MUJER
MANABI,PORTOVIEJO,CRUCITA,DIANA MERCEDES CASTRO CALDERON,MUJER
MANABI,PORTOVIEJO,SAN PLACIDO,FROWEN BOSCO MOREIRA GARCIA,HOMBRE
MANABI,PORTOVIEJO,ABDON CALDERON,RUDID NAVARRETE,HOMBRE
MANABI,PORTOVIEJO,ALAJUELA,ABEL CEVALLOS,HOMBRE
MANABI,PORTOVIEJO,CHIRIJOS,EMILIO VELEZ,HOMBRE
MANABI,PORTOVIEJO,PUEBLO NUEVO,DARWIN COBEÑA,HOMBRE
MANABI,PORTOVIEJO,RIOCHICO,ELIDA CHAVEZ,MUJER
MANABI,PUERTO LOPEZ,MACHALILLA,JANETH MONSERRATE AVILA ANCHUNDIA,MUJER
MANABI,PUERTO LOPEZ,SALANGO,PEDRO ACISCLO SOLEDISPA CASTILLO,HOMBRE
MANABI,ROCAFUERTE,SOSOTE,Ney Román​el,HOMBRE
MANABI,SAN VICENTE,CANOA,GUIDO ANTONIO ALCIVAR HERNANDEZ,HOMBRE
MANABI,SANTA ANA,AYACUCHO,CIRA JANETH CEVALLOS GARCIA,MUJER
MANABI,SANTA ANA,HONORATO VASQUEZ,WENDY KATHERINE RUIZ MENDOZA,MUJER
MANABI,SANTA ANA,LA UNION,ANGEL LIVIO REZABALA LOOR,HOMBRE
MANABI,SANTA ANA,SAN PABLO DE PUEBLO NUEVO,ANGEL YUGER MACIAS MACIAS,HOMBRE
MANABI,SUCRE,CHARAPOTO,PABEL ANTONIO CANTOS CENTENO,HOMBRE
MANABI,SUCRE,SAN ISIDRO,JUDY JANINA LOOR MARQUINEZ,MUJER
MANABI,TOSAGUA,ANGEL PEDRO GILER,SULEY MARIA LOOR GUADAMUD,MUJER
MANABI,TOSAGUA,SAN JOSE DE BACHILLERO,RONALD ANTONIO LOOR MARCILLO,HOMBRE
MORONA SANTIAGO,GUALAQUIZA,AMAZONAS,PILLACELA MOROCHO MANUEL WILFRIDO,HOMBRE
MORONA SANTIAGO,GUALAQUIZA,BERMEJOS,BRITO ILLESCAS MILTON FRANCISCO,HOMBRE
MORONA SANTIAGO,GUALAQUIZA,BOMBOIZA,UTITIAJ WAMPASH FRANKLIN VIDAL,HOMBRE
MORONA SANTIAGO,GUALAQUIZA,CHIGUINDA,ILLESCAS CASTRO NELSON ALFREDO,HOMBRE
MORONA SANTIAGO,GUALAQUIZA,NUERVA TARQUI,LOPEZ PILLACELA RODRIGO VICENTE,HOMBRE
MORONA SANTIAGO,GUALAQUIZA,ROSARIO,BRITO AVILA JORGE HERNAN,HOMBRE
MORONA SANTIAGO,GUALAQUIZA,SAN MIGUEL DE CUYES,JARRO MOROCHO RONALD MOISES,HOMBRE
MORONA SANTIAGO,GUALAQUIZA,EL IDEAL,TIGRE URGILES FLAVIA OFELIA,MUJER
MORONA SANTIAGO,HUAMBOYA,CHIGUAZA,TII ANANK JULIAN TUNTIAK,HOMBRE
MORONA SANTIAGO,LIMON,INDANZA,LOPEZ SAQUICELA ANGEL BENITO,HOMBRE
MORONA SANTIAGO,LIMON,SAN MIGUEL DE CONCHAY,CHACON CASTRO ELVIS RUBEN,HOMBRE
MORONA SANTIAGO,LIMON,S. ANTONIO,AMPAM SAANT TUNTIAK ROMULO,HOMBRE
MORONA SANTIAGO,LIMON,SANTA SUSANA DE CHIVIAZA,ORELLANA ESPINOZA BYRON GENARO,HOMBRE
MORONA SANTIAGO,LIMON,YUNGANZA,NUNINK MASHUMAR VINICIO ROMULO,HOMBRE
MORONA SANTIAGO,LOGROÑO,SHIMPIS,KAYAP PUANCHIR ITALO GEOVANNY,HOMBRE
MORONA SANTIAGO,LOGROÑO,YAUPI,TUNKI JIMPIKIT UNTSUI LUCIA,MUJER
MORONA SANTIAGO,MORONA,9 DE OCTUBRE,CHACHA CHACHA MARIA EULALIA,MUJER
MORONA SANTIAGO,MORONA,CUCHAENTZA,CASTRO GUZMAN EDGAR MANUEL DE JESUS,HOMBRE
MORONA SANTIAGO,MORONA,G. PROAÑO,QUEZADA GALLARDO JOAN ANDRES,HOMBRE
MORONA SANTIAGO,MORONA,RIO BLANCO,LALANGUI MERINO MARTIN RODRIGO,HOMBRE
MORONA SANTIAGO,MORONA,SAN ISIDRO,MOLINA CORDOVA DARWIN ROBERTO,HOMBRE
MORONA SANTIAGO,MORONA,SEVILLA DON BOSCO,CHUMPI PUJUPAT SIRO FRANCISCO,
MORONA SANTIAGO,MORONA,ZUÑAC,BARBA CHACHA BLADIMIR FAVIAN,HOMBRE
MORONA SANTIAGO,MORONA,SINAI,DUCHITANGA QUITO MERCY TERESA,MUJER
MORONA SANTIAGO,PALORA,ARAPICOS,ANANGA KAYAP JANETH ALEXANDRA,MUJER
MORONA SANTIAGO,PALORA,16 DE AGOSTO,CHAMIK PIRUCH MARTIN JOSE,HOMBRE
MORONA SANTIAGO,PALORA,SANGAY,SANDO SANCHIMA TEOFILO LIPOLDO,HOMBRE
MORONA SANTIAGO,PALORA,CUMANDA,CABRERA CABRERA NELSON RICARDO,HOMBRE
MORONA SANTIAGO,SAN. J. BOSCO,SAN JACINTO DE WAKAMBEIS,JARA TIGRE CARLOS IGNACIO,HOMBRE
MORONA SANTIAGO,SAN. J. BOSCO,SANTIAGO DE PANANZA,MACAS DELEG MIRIAM JAKELINE,MUJER
MORONA SANTIAGO,SAN. J. BOSCO,PAN DE AZUCAR,CABRERA MOSCOSO DIANA ISABEL,MUJER
MORONA SANTIAGO,SAN. J. BOSCO,SAN CARLOS DE LIMON,NANKAMAI SHAKAI MARIO RIVELINO,HOMBRE
MORONA SANTIAGO,SANTIAGO,COPAL,DAISY EVALENA RIVERA PIÑA,MUJER
MORONA SANTIAGO,SANTIAGO,CHUPIANZA,MARIO CLODOMIRO SAGAL RIVERA,HOMBRE
MORONA SANTIAGO,SANTIAGO,SAN FRANCISCO CHINIMBIMI,UNKUCH CHUMPI ANGEL,HOMBRE
MORONA SANTIAGO,SANTIAGO,PATUCA,ZHICAY BORJA MARCOS PATRICIO,HOMBRE
MORONA SANTIAGO,SANTIAGO,SAN LUIS DEL ACHO,CABRERA RODRIGUEZ JULIO MEDARDO,HOMBRE
MORONA SANTIAGO,SANTIAGO,TAYUZA,ORTIZ ORTIZ MEDARDO ABELARDO,HOMBRE
MORONA SANTIAGO,SUCUA,ASUNCION,TAANT WAMPUTSRIK ROMEL ESAT,HOMBRE
MORONA SANTIAGO,SUCUA,SANTA MARIANITA,PEÑARANDA GOMEZ JUAN MANUEL,HOMBRE
MORONA SANTIAGO,SUCUA,HUAMBI,INGA QUIZHPE SILVIO GONZALO,HOMBRE
MORONA SANTIAGO,TAISHA,TUUTINENTZA,TUKUP TSEREMP TUITS FRANCISCO,HOMBRE
MORONA SANTIAGO,TAISHA,PUMPUENTSA,RUMPIK CHUIM ENTSAKUA LUCIO,HOMBRE
MORONA SANTIAGO,TAISHA,HUASAGA,YAWA PEAS ANKUASH ERNESTO,HOMBRE
MORONA SANTIAGO,TAISHA,MACUMA,CHIRIAP CHUMAP KAPAIR ROBERTINA,MUJER
MORONA SANTIAGO,TIWINTZA,SAN JOSE DE MORONA,SAANT SHAKAY JOSE RONALD,HOMBRE
NAPO,ARCHIDONA,COTUNDO,SALAZAR CHIMBO LUIS ENRIQUE,HOMBRE
NAPO,ARCHIDONA,HATUN SUMAKU,HUATATOCA ALVARADO EFRAIN EDUARDO,HOMBRE
NAPO,ARCHIDONA,SAN PABLO DE USHPAYACU,CHIMBO SALAZAR ESTALIN VENANCIO,HOMBRE
NAPO,EL CHACO,GONZALO DIAZ DE PINEDA,SALAZAR MORA LUIS ALFREDO,HOMBRE
NAPO,EL CHACO,LINARES,MORALES MORALES MARIA REBECA,MUJER
NAPO,EL CHACO,OYACACHI,AIGAJE QUINATOA EDUARDO ALFONSO,HOMBRE
NAPO,EL CHACO,SANTA ROSA DE QUIJOS,PEREZ AGUIRRE RAFAEL EFREN,HOMBRE
NAPO,EL CHACO,SARDINAS,BUÑAY LOYOLA DARWIN MIGUEL,HOMBRE
NAPO,QUIJOS,COSANGA,MORALES ORDOÑEZ WILMER GONZALO,HOMBRE
NAPO,QUIJOS,CUYUJA,LUGUAÑA TITUAÑA LUZ ELENA,MUJER
NAPO,QUIJOS,PAPALLACTA,MANITIO CONUMBA MARIA LUZMILA,MUJER
NAPO,QUIJOS,SAN FRANCISCO DE BORJA,VINUEZA ESPINOZA DE LOS MONTER JAVIER ARTURO,HOMBRE
NAPO,QUIJOS,SUMACO,TORRES TIPANTIZA BYRON ABDON,HOMBRE
NAPO,TENA,AHUANO,MELENDREZ MIRANDA EDWIN HERNAN,HOMBRE
NAPO,TENA,CHONTAPUNTA,ROBLES REYNO ROY ROBERTO,HOMBRE
NAPO,TENA,PANO,CERDA TANGUILA MARIBEL,MUJER
NAPO,TENA,PUERTO MISAHUALLI,PAREDES LLORI LORY KENDRA,MUJER
NAPO,TENA,PUERTO NAPO,LEON TANGUILA HECTOR HUGO,HOMBRE
NAPO,TENA,SAN JUAN DE MUYUNA,CERDA TAPUY ROSA ELVIRA,MUJER
NAPO,TENA,TALAG,ANDY CERDA BRAULIO MIGUEL,HOMBRE
ORELLANA,AGUARICO,CAPITAN AUGUSTO RIVADENEIRA,AUGUSTO RONAL JIPA SALAZAR,HOMBRE
ORELLANA,AGUARICO,CONONACO,MIGUEL ÑEIMO TEGA BAIHUA,HOMBRE
ORELLANA,AGUARICO,SANTA MARIA DE HUIRIRIMA,BETY ESPERANZA NOTENO SHIGUANGO,MUJER
ORELLANA,AGUARICO,YASUNI,LUIS ALBERTO MUÑOZ SALDARRIAGA,HOMBRE
ORELLANA,FRANCISCO DE ORELLANA,ALEJANDRO LABAKA,CALISTO PIMBO MORETA,HOMBRE
ORELLANA,FRANCISCO DE ORELLANA,DAYUMA,FREDY WILLIAM FREIRE POZO,HOMBRE
ORELLANA,FRANCISCO DE ORELLANA,EL DORADO,MANUEL ANGEL MENDEZ ROBLES,HOMBRE
ORELLANA,FRANCISCO DE ORELLANA,EL EDEN,GUSTAVO JAVIER ANDY HUALINGA,HOMBRE
ORELLANA,FRANCISCO DE ORELLANA,GARCIA MORENO,YADIRA ELIZABETH OSTAIZA GUAMAN,MUJER
ORELLANA,FRANCISCO DE ORELLANA,INES ARANGO,CARLOS ALBERTO MARTINEZ VIDAL,HOMBRE
ORELLANA,FRANCISCO DE ORELLANA,LA BELLEZA,MARIO JOSÉ GREFA MAMALLACTA,HOMBRE
ORELLANA,FRANCISCO DE ORELLANA,NUEVO PARAISO,CARLOS ENRIQUE ZAMBRANO CEDEÑO,HOMBRE
ORELLANA,FRANCISCO DE ORELLANA,SAN JOSÉ DE GUAYUSA,ROBERTO ANDRES RAMIREZ PARDO,HOMBRE
ORELLANA,FRANCISCO DE ORELLANA,SAN LUIS DE ARMENIA,GERONIMO PABLO HUATATOCA ALVARADO,HOMBRE
ORELLANA,FRANCISCO DE ORELLANA,TARACOA,YESSEÑA SILVANA NAVARRETE CASTILLO,MUJER
ORELLANA,LA JOYA DE LOS SACHAS,ENOKANQUI,CARMEN MAGALY CURAY MUÑOZ,MUJER
ORELLANA,LA JOYA DE LOS SACHAS,LAGO SAN PEDRO,MILTON HUMBERTO OCHOA PATIÑO,HOMBRE
ORELLANA,LA JOYA DE LOS SACHAS,POMPEYA,HUGO REMIGIO ANDI ALVARADO,HOMBRE
ORELLANA,LA JOYA DE LOS SACHAS,RUMIPAMBA,JIMMY DANIEL VELASCO PEÑAFIEL,HOMBRE
ORELLANA,LA JOYA DE LOS SACHAS,SAN CARLOS,WILMAN HERNAN ESPIN OCHOA,HOMBRE
ORELLANA,LA JOYA DE LOS SACHAS,SAN SEBASTIAN DEL COCA,MÓNICA ALEXANDRA ANDI TANGUILA,MUJER
ORELLANA,LA JOYA DE LOS SACHAS,TRES DE NOVIEMBRE,CARMEN ROSA MOROCHO GUANUQUIZA,MUJER
ORELLANA,LA JOYA DE LOS SACHAS,UNIÓN MILAGREÑA,JOSÉ OSWALDO RAMOS MASAQUIZA,HOMBRE
ORELLANA,LORETO,AVILA HUIRUMO,LUZ NARCISA GREFA YUMBO,MUJER
ORELLANA,LORETO,PUERTO MURIALDO,DOROTEA MARLENE SHIGUANGO TANGUILA,MUJER
ORELLANA,LORETO,SAN JOSÉ DE DAHUANO,CLAUDIO FERMIN TAPUY ANDY,HOMBRE
ORELLANA,LORETO,SAN JOSÉ DE PAYAMINO,MÁXIMO CARLOS OCAMPO CHAVEZ,HOMBRE
ORELLANA,LORETO,SAN VICENTE DE HUATICOCHA,VICTOR ALEJANDRO CARREÑO GUARNIZO,HOMBRE
PASTAZA,ARAJUNO,CURARAY,FUENTES TAPUY MIGUEN RICHER,HOMBRE
PASTAZA,MERA,SHELL,MORALES HIDALGO ROLANDO RODRIGO,HOMBRE
PASTAZA,MERA,MADRE TIERRA,SANTI VARGAS CRISTOBAL,HOMBRE
PASTAZA,PASTAZA,RIO TIGRE,MEZA YASACAMA DAVID RICARDO,HOMBRE
PASTAZA,PASTAZA,RIO CORRIENTES,SHAKAI FLOR KASHIJIM GEOVANNY,HOMBRE
PASTAZA,PASTAZA,SARAYAKU,GUALINGA MACHOA ALONZO ISIDRO,HOMBRE
PASTAZA,PASTAZA,POMONA,VARGAS VARGAS ENRIQUE ATANACIO,HOMBRE
PASTAZA,PASTAZA,CANELOS,FUENTES ORQUERA MAURO MANUEL,HOMBRE
PASTAZA,PASTAZA,SIMON BOLIVAR,ENRIQUE ANKUASH GREFA,HOMBRE
PASTAZA,PASTAZA,FATIMA,ESCOBAR TORRES DANIELA PAOLA,MUJER
PASTAZA,PASTAZA,TENTE. HUGO ORTIZ,GREFA VARGAS HENRY DANIEL,HOMBRE
PASTAZA,PASTAZA,EL TRIUNFO,DIAZ MENA CESAR OSWALDO,HOMBRE
PASTAZA,PASTAZA,VERACRUZ,MARTINEZ PILCO FRANKLIN ANGEL,HOMBRE
PASTAZA,PASTAZA,DIEZ DE AGOSTO,LOPEZ MERCHAN WILLIAM ALEJANDRO,HOMBRE
PASTAZA,PASTAZA,MONTALVO,GUALINGA WISUMA EDISON UWITI,HOMBRE
PASTAZA,PASTAZA,TARQUI,SANTI VARGAS MARCO NEPTALI,HOMBRE
PASTAZA,SANTA CLARA,SAN JOSE,CHALAN ORDOÑEZ LUIS FERNANDO,HOMBRE
PICHINCHA,CAYAMBE,ASCAZUBI,ANIBAL GORDON FLORES,HOMBRE
PICHINCHA,CAYAMBE,AYORA,EDISON ARMANDO TUQUERRES CONLAGO,HOMBRE
PICHINCHA,CAYAMBE,CANGAHUA,Edwin Rodrigo Pilca Chimarro,HOMBRE
PICHINCHA,CAYAMBE,CUZUBAMBA,JOSE MANUEL CEPEDA GUAYTARILLA,HOMBRE
PICHINCHA,CAYAMBE,JUAN MONTALVO,LUIS MALDONADO,HOMBRE
PICHINCHA,CAYAMBE,OLMEDO/PESILLO,DIEGO CHOLCA,HOMBRE
PICHINCHA,CAYAMBE,OTON,MARÍA IMBANQUINGO,MUJER
PICHINCHA,MEJIA,ALOAG,Franklin Gualotuña,HOMBRE
PICHINCHA,MEJIA,ALOASI,Jessica Chicaiza,MUJER
PICHINCHA,MEJIA,CUTUGLAGUA,CARLOS CHILIQUINGA,HOMBRE
PICHINCHA,MEJIA,EL CHAUPI,Marlene Salazar,MUJER
PICHINCHA,MEJIA,"MANUEL CORNEJO ASTORGA ""TANDAPI""",Daniel Núñez,HOMBRE
PICHINCHA,MEJIA,TAMBILLO,Patricia Pastrano,MUJER
PICHINCHA,MEJIA,UYUMBICHO,Santiago Terán,HOMBRE
PICHINCHA,PEDRO MONCAYO,LA ESPERANZA,LUIS HERNAN TORRES COLLAGUAZO,HOMBRE
PICHINCHA,PEDRO MONCAYO,MALCHINGUI,Abg Janeth Rodriguez,MUJER
PICHINCHA,PEDRO MONCAYO,TOCACHI,DIEGO COYAGO,HOMBRE
PICHINCHA,PEDRO MONCAYO,TUPIGACHI,JOSE NICOLAS CUASCOTA,HOMBRE
PICHINCHA,QUITO,ALANGASI,WHASHINGTON FLORES,HOMBRE
PICHINCHA,QUITO,AMAGUAÑA,Wilman Orlando Villacis Guerrero,HOMBRE
PICHINCHA,QUITO,ATAHUALPA,MAURICIO MARROQUIN,HOMBRE
PICHINCHA,QUITO,CALACALI,LUIS EDUARDO LOGAÑA TOAPANTA,HOMBRE
PICHINCHA,QUITO,CALDERON,MERCEDES LUQUE,MUJER
PICHINCHA,QUITO,CONOCOTO,SONIA PUEBLA,MUJER
PICHINCHA,QUITO,CUMBAYA,PEDRO JOSE TAPIA CORTES,HOMBRE
PICHINCHA,QUITO,CHAVEZPAMBA,MARIA ELISABETH HERRERA,MUJER
PICHINCHA,QUITO,CHECA,RODRIGO CHICAIZA CONDOR,HOMBRE
PICHINCHA,QUITO,EL QUINCHE,LEONARDO ALEXANDER SAA VELASTEGUI,HOMBRE
PICHINCHA,QUITO,GUALEA,Ing. Roberto Flores,HOMBRE
PICHINCHA,QUITO,GUANGOPOLO,Ginger Coral,MUJER
PICHINCHA,QUITO,GUAYLLABAMBA,Raúl Gordón,HOMBRE
PICHINCHA,QUITO,LA MERCED,Andrei Iza,HOMBRE
PICHINCHA,QUITO,LLANO CHICO,Rodrigo Pilatuña,HOMBRE
PICHINCHA,QUITO,LLOA,MANUEL ENRIQUE GONZALEZ GUZMAN,HOMBRE
PICHINCHA,QUITO,NANEGAL,DARGUIN EUGENIO MORALES ANDAGOYA,HOMBRE
PICHINCHA,QUITO,NANEGALITO,Julio Flores Alarcón,HOMBRE
PICHINCHA,QUITO,NAYON,Daniel Anaguano,HOMBRE
PICHINCHA,QUITO,NONO,Pablo Rolando Vergara,HOMBRE
PICHINCHA,QUITO,PACTO,Cristian Rodriguez,HOMBRE
PICHINCHA,QUITO,PERUCHO,Jorge Pillajo,HOMBRE
PICHINCHA,QUITO,PIFO,Carlos Olmedo,HOMBRE
PICHINCHA,QUITO,PINTAG,Santiago Haro,HOMBRE
PICHINCHA,QUITO,POMASQUI,Irina Mora,MUJER
PICHINCHA,QUITO,PUELLARO,José Pullas,HOMBRE
PICHINCHA,QUITO,PUEMBO,Gabriel Sebastián Tinajero Nieto,HOMBRE
PICHINCHA,QUITO,SAN ANTONIO DE PICHINCHA,Verónica Amparo Cevallos Benalcázar,MUJER
PICHINCHA,QUITO,SAN JOSE DE MINAS,Paterson Flores Espinoza,HOMBRE
PICHINCHA,QUITO,TABABELA,Cesar Augusto Herrera Panchi,HOMBRE
PICHINCHA,QUITO,TUMBACO,WILSON AMAGUAÑA,HOMBRE
PICHINCHA,QUITO,YARUQUI,Frank Vargas,HOMBRE
PICHINCHA,QUITO,ZAMBIZA,Jimmy Ramírez,HOMBRE
PICHINCHA,RUMIÑAHUI,COTOGCHOA,Daisy Vilaña,MUJER
PICHINCHA,RUMIÑAHUI,RUMIPAMBA,CARLOS LOZANO,HOMBRE
PICHINCHA,SAN MIGUEL DE LOS BANCOS,MINDO,Fernando Arias,HOMBRE
SANTO DOMINGO DE LOS TSACHILAS,LA CONCORDIA,MONTERRET,Holger Bautista García Bueno,HOMBRE
SANTO DOMINGO DE LOS TSACHILAS,LA CONCORDIA,LAS VILLEGAS,Oscar Lenin Gaibor Luna,HOMBRE
SANTO DOMINGO DE LOS TSACHILAS,LA CONCORDIA,PLAN PILOTO,Martha Maria Escobar Carbonelly,MUJER
SANTO DOMINGO DE LOS TSACHILAS,SANTO DOMINGO,ALLURIQUIN,Juan Dionicio Betancourt Troya,HOMBRE
SANTO DOMINGO DE LOS TSACHILAS,SANTO DOMINGO,LUZ DE AMÉRICA,Cristian Israel Hernandez Saltos,HOMBRE
SANTO DOMINGO DE LOS TSACHILAS,SANTO DOMINGO,PUERTO LIMON,Lady Damiana Cedeño Moreira,MUJER
SANTO DOMINGO DE LOS TSACHILAS,SANTO DOMINGO,SAN JACINTO DEL BUA,Renato Rodolfo Zambrano García,HOMBRE
SANTO DOMINGO DE LOS TSACHILAS,SANTO DOMINGO,VALLE HERMOSO,Paredes Perrazo Jaime Patricio,HOMBRE
SANTO DOMINGO DE LOS TSACHILAS,SANTO DOMINGO,EL ESFUERZO,Amada Maria Rivera Macas,MUJER
SANTO DOMINGO DE LOS TSACHILAS,SANTO DOMINGO,SANTA MARÍA DEL TOACHI,Paola Karina Puco Olivo,MUJER
SANTA ELENA,SALINAS,ANCONCITO,Hilario Alcivar Vera Santos,HOMBRE
SANTA ELENA,SALINAS,JOSÉ LUIS TAMAYO,Juan Carlos Perero Tomalá,HOMBRE
SANTA ELENA,SANTA ELENA,ATAHUALPA,Pedro Holger Orrala Reyes.,HOMBRE
SANTA ELENA,SANTA ELENA,CHANDUY,Henry José Rodríguez Flores,HOMBRE
SANTA ELENA,SANTA ELENA,COLONCHE,Ítalo Javier Cacao Cuvi,HOMBRE
SANTA ELENA,SANTA ELENA,MANGLARALTO,Melissa Lisbeth Lemus Suarez,MUJER
SANTA ELENA,SANTA ELENA,SIMÓN BOLIVAR (JULIO MORENO),Karina Lorena Balón Figueroa,MUJER
SANTA ELENA,SANTA ELENA,SAN JOSÉ DE ANCÓN,Samuel Humberto Rendón Ampuño,HOMBRE
SUCUMBIOS,CASCALES,SANTA ROSA SUCUMBÍOS,SR. DARWIN ROBERTO GAVILÁNEZ MANOBANDA,HOMBRE
SUCUMBIOS,CASCALES,SEVILLA,ABG LUIS ERNESTO RAMÍREZ MURCIA,HOMBRE
SUCUMBIOS,CASCALES,LA NUEVA TRONCAL,Sr GUZMÁN SALAZAR MANUEL RAMÓN,HOMBRE
SUCUMBIOS,CUYABENO,AGUAS NEGRAS,SRA. DELICIA CRISTINA VÁSQUEZ VARGAS,MUJER
SUCUMBIOS,CUYABENO,CUYABENO,SR. JHON EDGAR LUCITANTE MENDUA,HOMBRE
SUCUMBIOS,GONZALO PIZARRO,REVENTADOR,TNLGO BYRON HOMAR HERRERA ESPINOZA,HOMBRE
SUCUMBIOS,GONZALO PIZARRO,GONZALO PIZARRO,TNLGO JAIRO STALIN PUGA SARCHE,HOMBRE
SUCUMBIOS,GONZALO PIZARRO,PUERTO LIBRE,SR JUAN CARLOS CASTILLO PANTOJA,HOMBRE
SUCUMBIOS,LAGO AGRIO,DURENO,ING DARWIN SAÚL LLOACANA TROYA,HOMBRE
SUCUMBIOS,LAGO AGRIO,GENERAL FARFÁN,SR. MATÍAS OMAR FLORES GONZÁLEZ,HOMBRE
SUCUMBIOS,LAGO AGRIO,PACAYACU,ING DIEGO ENRIQUE GARCÍA VELASCO,HOMBRE
SUCUMBIOS,LAGO AGRIO,SANTA CECILIA,ING JASON CRISTOPHER QUEVEDO PLAZA,HOMBRE
SUCUMBIOS,LAGO AGRIO,JAMBELI,ING CARLOS SANCHEZ,HOMBRE
SUCUMBIOS,LAGO AGRIO,EL ENO,LUIS MIGUEL ROJAS BRAVO,HOMBRE
SUCUMBIOS,LAGO AGRIO,10 DE AGOSTO,PEDRO LUIS DÍAZ MOROCHO,HOMBRE
SUCUMBIOS,PUTUMAYO,PALMA ROJA,SR. WILMER RICARDO AVEIGA ROSADO,HOMBRE
SUCUMBIOS,PUTUMAYO,PUERTO BOLÍVAR,LCDA. LEINE MARGOTH TANGOY CRIOLLO,MUJER
SUCUMBIOS,PUTUMAYO,PUERTO RODRÍGUEZ,YORELY ALEJANDRA MACHOA MEJIA,MUJER
SUCUMBIOS,PUTUMAYO,SANTA ELENA,SR. ROBERT EXON HARO LUJANO,HOMBRE
SUCUMBIOS,PUTUMAYO,SANSAHUARI,Sr. MAXIMO LEONARDO MONSERRATE CONTRERAS,HOMBRE
SUCUMBIOS,SHUSHUFINDI,SAN PEDRO DE LOS COFANES,CESAR OSWALDO REYES MORAN,HOMBRE
SUCUMBIOS,SHUSHUFINDI,LA MAGDALENA,,HOMBRE
SUCUMBIOS,SHUSHUFINDI,LA PRIMAVERA,,HOMBRE
SUCUMBIOS,SHUSHUFINDI,LIMONCOCHA,LCDO: SAQUEO CESAR CERDA SHIGUANGO,HOMBRE
SUCUMBIOS,SHUSHUFINDI,7 DE JULIO,SR LELY MARCELO VALENCIA CORONEL,HOMBRE
SUCUMBIOS,SHUSHUFINDI,PAÑACOCHA,Abg. VIVIANA AZUCENA VARGAS RIVADENEIRA,MUJER
SUCUMBIOS,SHUSHUFINDI,SAN ROQUE,TNLGA MARIA ISABEL DE LA CRUZ SOLORZANO,MUJER
SUCUMBIOS,SUCUMBÍOS,EL PLAYÓN DE SAN FRANCISCO,KATTY ALEJANDRA HERNÁNDEZ MONTENEGRO,MUJER
SUCUMBIOS,SUCUMBÍOS,LA SOFÍA,SR. JOSÉ REMBERTO VILLOTA CABRERA,HOMBRE
SUCUMBIOS,SUCUMBÍOS,ROSA FLORIDA,SR. ABNER DANIEL CALPA CUASQUER,HOMBRE
SUCUMBIOS,SUCUMBÍOS,SANTA BÁRBARA,JAIRO IVAN DELGADO CHAPUES,HOMBRE
TUNGURAHUA,Ambato,Ambatillo,Lorena Amparito Toapanta Rivera,MUJER
TUNGURAHUA,Ambato,Atahualpa,Efrain Marcelo Garcés,HOMBRE
TUNGURAHUA,Ambato,Augusto N. Martínez,Segundo Fidel Guaita Lagua,HOMBRE
TUNGURAHUA,Ambato,Constantino Fernández,Angel Anibal Ruiz Teneda,HOMBRE
TUNGURAHUA,Ambato,Cunchibamba,Gabriela Alexandra Telenchana Vargas,MUJER
TUNGURAHUA,Ambato,Huachi Grande,Darío Anibal Guerrero Arcos,HOMBRE
TUNGURAHUA,Ambato,Izamba,Christian Marcelo Ronquillo Cuspa,HOMBRE
TUNGURAHUA,Ambato,Juan Benigno Vela,Mesías Jonas Guanaluisa Mungabusi,HOMBRE
TUNGURAHUA,Ambato,Juan Montalvo,Jorge Edwin Villacrez Carranza,HOMBRE
TUNGURAHUA,Ambato,Picaihua,Luis Alfonso Chango Hurtado,HOMBRE
TUNGURAHUA,Ambato,Pilahuin,Julio Cesar Medina Azas,HOMBRE
TUNGURAHUA,Ambato,Quisapincha,Cayetano Toala Muntza,HOMBRE
TUNGURAHUA,Ambato,San Antonio de Pasa,Luis Alonso Dias Andagana,HOMBRE
TUNGURAHUA,Ambato,San Bartolomé de Pinllo,Oswaldo Rubén Santamaría Cantar,HOMBRE
TUNGURAHUA,Ambato,San Fernando,Gissela Belén Moscoso Lara,MUJER
TUNGURAHUA,Ambato,Santa Rosa,Juan Amable Chaluis Capuz,HOMBRE
TUNGURAHUA,Ambato,Totoras,Manuel Mesías Nuñez Pico,HOMBRE
TUNGURAHUA,Ambato,Unamuncho,Licenia del Rosario Martínez Vásconez,MUJER
TUNGURAHUA,Baños,Lligua,Hugo Alcides Tuston Caicedo,HOMBRE
TUNGURAHUA,Baños,Río Negro,Diego Orlando Santamaría Perez,HOMBRE
TUNGURAHUA,Baños,Río Verde,Carlos William Freire Villafuerte,HOMBRE
TUNGURAHUA,Baños,Ulba,Alexander Rodrigo Luna Iglesias,HOMBRE
TUNGURAHUA,Mocha,Pinguilí,Willian Edmundo Soria Coba,HOMBRE
TUNGURAHUA,Patate,El Triunfo,Segundo Gustavo Morales Minagua,HOMBRE
TUNGURAHUA,Patate,Los Andes,Doris Paulina Cujano Moposita,MUJER
TUNGURAHUA,Patate,Sucre,Byron Diego Andagana Tapia,HOMBRE
TUNGURAHUA,Pelileo,Benítez,Glisar Marcelo Moreno Paredes,HOMBRE
TUNGURAHUA,Pelileo,Bolívar,Marco Wilfrido Urrutia Delgado,HOMBRE
TUNGURAHUA,Pelileo,Chiquicha,María Elvia Moreta Cevallos,MUJER
TUNGURAHUA,Pelileo,Cotaló,Carmita Marisol Zurita Mancero,MUJER
TUNGURAHUA,Pelileo,El Rosario,Byron Daniel Cunalata Saqui,HOMBRE
TUNGURAHUA,Pelileo,García Moreno,Edison Bolívar Pilla Cunalata,HOMBRE
TUNGURAHUA,Pelileo,Huambaló,Carlos Bladimir Coca Altamirano,HOMBRE
TUNGURAHUA,Pelileo,Salasaka,Nancy Delfina Masaquiza Masaquiza,MUJER
TUNGURAHUA,PÍLLARO,Baquerizo Moreno,Angel Germán Chango Constante,HOMBRE
TUNGURAHUA,PÍLLARO,Emilio María Terán,Saúl Omar Chicaiza Tipán,HOMBRE
TUNGURAHUA,PÍLLARO,Marcos Espinel,Marco Antonio Salazar Pozo,HOMBRE
TUNGURAHUA,PÍLLARO,Presidente Urbina,Mónica Abigail Alvarez Pullupaxi,MUJER
TUNGURAHUA,PÍLLARO,San Andrés,Alex Marcelo Moreta Chango,HOMBRE
TUNGURAHUA,PÍLLARO,San José de Poaló,Franklin Iván Velasco Andrade,HOMBRE
TUNGURAHUA,PÍLLARO,San Miguelito,Wilmer Paúl Tituaña Pilco,HOMBRE
TUNGURAHUA,Quero,Rumipamba,Edgar Gonzalo Silva Villacrez,HOMBRE
TUNGURAHUA,Quero,Yanayacu,Pedro Cherrez Martínez,HOMBRE
TUNGURAHUA,TISALEO,Quinchicoto,Víctor Manuel Carrera Ortíz,HOMBRE
ZAMORA CHINCHIPE,CENTINELA DEL CONDOR,TRIUNFO EL DORADO,Alberto Quichimbo Chamba,HOMBRE
ZAMORA CHINCHIPE,CENTINELA DEL CONDOR,PANGUINTZA,Ulda Monica Álvarez Vargas,MUJER
ZAMORA CHINCHIPE,CHINCHIPE,LA CHONTA,Edin Jován Urrego Márquez,HOMBRE
ZAMORA CHINCHIPE,CHINCHIPE,PUCAPAMBA,Tereza de Jesús Alba García,MUJER
ZAMORA CHINCHIPE,CHINCHIPE,CHITO,Marco Vinicio Ramón Urrego,HOMBRE
ZAMORA CHINCHIPE,CHINCHIPE,EL CHORRO,Víctor Antonio Encalada Abarca,HOMBRE
ZAMORA CHINCHIPE,CHINCHIPE,SAN ÁNDRES,Diego Fernando Abad Abad,HOMBRE
ZAMORA CHINCHIPE,EL PANGUI,PACHICUTZA,Jamil Orlando Correa,HOMBRE
ZAMORA CHINCHIPE,EL PANGUI,EL GUISMI,Maria Eugenia Barreto Segovia,MUJER
ZAMORA CHINCHIPE,EL PANGUI,TUNDAYME,Edison Miguel Merchan Aucay,HOMBRE
ZAMORA CHINCHIPE,NANGARTIZA,ZURMI,Nelson Antonio Jiménez Cordero,HOMBRE
ZAMORA CHINCHIPE,NANGARTIZA,NANKAIS,Danny Patricio Tibirma Antuash,HOMBRE
ZAMORA CHINCHIPE,NANGARTIZA,NUEVO PARAÍSO,Holger René Gualán Morocho,HOMBRE
ZAMORA CHINCHIPE,PALANDA,EL PORVENIR DEL CARMEN,Bayro Manuel Reinoso Salinas,HOMBRE
ZAMORA CHINCHIPE,PALANDA,VALLADOLID,Ana Lucía Rodríguez Quiñonez,MUJER
ZAMORA CHINCHIPE,PALANDA,SAN FRANCISCO DEL VERGEL,Ángel Francisco Garrido Troya,HOMBRE
ZAMORA CHINCHIPE,PALANDA,LA CANELA,Manuel Higinio Ordoñez Tamayo,HOMBRE
ZAMORA CHINCHIPE,PAQUISHA,BELLAVISTA,Tatiana Verónica Calva Reyes,MUJER
ZAMORA CHINCHIPE,PAQUISHA,NUEVO QUITO,Juan José Sarango Jumbo,HOMBRE
ZAMORA CHINCHIPE,YACUAMBI,TUTUPALI,Wilmer Heberto Romero Torres,HOMBRE
ZAMORA CHINCHIPE,YACUAMBI,LA PAZ,Mayrene Alexandra Lozano Japón,MUJER
ZAMORA CHINCHIPE,YANTZAZA,LOS ENCUENTROS,Robinson Patricio Agreda Cabrera,HOMBRE
ZAMORA CHINCHIPE,YANTZAZA,CHICAÑA,Pedro Manuel Guaillas Abrigo,HOMBRE
ZAMORA CHINCHIPE,ZAMORA,TIMBARA,Jhonatan Chiriboga Orellana,HOMBRE
ZAMORA CHINCHIPE,ZAMORA,GUADALUPE,Luis Alberto Erraez Basurto,HOMBRE
ZAMORA CHINCHIPE,ZAMORA,CUMBARATZA,Toni Romel Morocho Granda,HOMBRE
ZAMORA CHINCHIPE,ZAMORA,IMBANA,Héctor Vidal Chalán Lozano,HOMBRE
ZAMORA CHINCHIPE,ZAMORA,SABANILLA,Ángela María Tocto Gómez,MUJER
ZAMORA CHINCHIPE,ZAMORA,SAN CARLOS DE LAS MINAS,Juan Manuel Saca Chalán,HOMBRE